{
    "slope": -0.08393782506931317,
    "intercept": 0.32227609631005544,
    "slope_stderr": 0.06399697518412296,
    "intercept_stderr": 0.004103387242845212,
    "rvalue": -0.15173265220026072,
    "pvalue": 0.19376847089989413
}